{
  "sinclair": {
    "male": {
      "A": 0.722762521,
      "b": 193.609
    },
    "female": {
      "A": 0.787004341,
      "b": 153.757
    }
  },
  "ageFactor": {
    "male": {
      "30": 1.0,
      "31": 1.016,
      "32": 1.031,
      "33": 1.046,
      "34": 1.059,
      "35": 1.072,
      "36": 1.083,
      "37": 1.096,
      "38": 1.109,
      "39": 1.122,
      "40": 1.135,
      "41": 1.149,
      "42": 1.162,
      "43": 1.176,
      "44": 1.189,
      "45": 1.203,
      "46": 1.218,
      "47": 1.233,
      "48": 1.248,
      "49": 1.263,
      "50": 1.279,
      "51": 1.297,
      "52": 1.316,
      "53": 1.338,
      "54": 1.361,
      "55": 1.385,
      "56": 1.411,
      "57": 1.437,
      "58": 1.462,
      "59": 1.488,
      "60": 1.514,
      "61": 1.541,
      "62": 1.568,
      "63": 1.598,
      "64": 1.629,
      "65": 1.663,
      "66": 1.699,
      "67": 1.738,
      "68": 1.779,
      "69": 1.823,
      "70": 1.867,
      "71": 1.91,
      "72": 1.953,
      "73": 2.004,
      "74": 2.06,
      "75": 2.117,
      "76": 2.181,
      "77": 2.255,
      "78": 2.336,
      "79": 2.419,
      "80": 2.504,
      "81": 2.597,
      "82": 2.702,
      "83": 2.831,
      "84": 2.981,
      "85": 3.153,
      "86": 3.352,
      "87": 3.58,
      "88": 3.843,
      "89": 4.145,
      "90": 4.493
    },
    "female": {
      "30": 1.0,
      "31": 1.016,
      "32": 1.031,
      "33": 1.046,
      "34": 1.059,
      "35": 1.072,
      "36": 1.084,
      "37": 1.097,
      "38": 1.11,
      "39": 1.124,
      "40": 1.138,
      "41": 1.153,
      "42": 1.17,
      "43": 1.187,
      "44": 1.205,
      "45": 1.223,
      "46": 1.244,
      "47": 1.265,
      "48": 1.288,
      "49": 1.313,
      "50": 1.34,
      "51": 1.369,
      "52": 1.401,
      "53": 1.435,
      "54": 1.47,
      "55": 1.507,
      "56": 1.545,
      "57": 1.585,
      "58": 1.625,
      "59": 1.665,
      "60": 1.705,
      "61": 1.744,
      "62": 1.778,
      "63": 1.808,
      "64": 1.839,
      "65": 1.873,
      "66": 1.909,
      "67": 1.948,
      "68": 1.989,
      "69": 2.033,
      "70": 2.077,
      "71": 2.12,
      "72": 2.163,
      "73": 2.214,
      "74": 2.27,
      "75": 2.327,
      "76": 2.391,
      "77": 2.465,
      "78": 2.546,
      "79": 2.629,
      "80": 2.714
    }
  }
}
